[
    {
        "id": 1,
        "modul": "MUSTANGGGG",
        "year": 1922
    },
    {
        "id": 2,
        "modul": "MUSTANGGGG",
        "year": 1922
    },
    {
        "id": 3,
        "modul": "MUSTANGGGG",
        "year": 1922
    },
    {
        "id": 4,
        "modul": "MUSTANGGGG",
        "year": 1922
    },
    {
        "id": 6,
        "modul": "MUSTANGGGG",
        "year": 1922
    },
    {
        "id": 7,
        "modul": "MUSTANGGGG",
        "year": 1922
    },
    {
        "id": 8,
        "modul": "MUSTANGGGG",
        "year": 1221122222222222
    },
    {
        "id": 9,
        "modul": "ssssss",
        "year": "sss"
    },
    {
        "id": 10,
        "modul": "nexia",
        "year": "222"
    },
    {
        "id": 11,
        "modul": "damas",
        "year": "2332"
    },
    {
        "id": 12,
        "modul": "sssssssas",
        "year": "asas"
    },
    {
        "id": 13,
        "modul": "asasq",
        "year": "qqqq"
    },
    {
        "id": 14,
        "modul": "llll",
        "year": "qq"
    },
    {
        "id": 15,
        "modul": "llll",
        "year": "qq"
    },
    {
        "id": 16,
        "modul": "xkjhdjsd",
        "year": "sdkjdsjdh"
    }
]