[
    {
        "id": 1,
        "name": "alllayar",
        "age": 24
    },
    {
        "id": 2,
        "name": "alllayar",
        "age": 24
    },
    {
        "id": 4,
        "name": "alllayar",
        "age": 24
    },
    {
        "id": 5,
        "name": "alllayar",
        "age": 24
    },
    {
        "id": 6,
        "name": "alllayar",
        "age": 24
    },
    {
        "id": 7222222222,
        "name": "alllayar",
        "age": 1221
    },
    {
        "id": 7222222222,
        "name": "alllayar",
        "age": 1221
    },
    {
        "id": 7222222222,
        "name": "alllayar",
        "age": 1221
    },
    {
        "id": 7,
        "name": "alllayar",
        "age": 1221
    },
    {
        "id": 1111117,
        "name": "alllayar",
        "age": 1221
    },
    {
        "id": 1111117,
        "name": "alllayar",
        "age": 1221
    },
    {
        "id": 1111117,
        "age": 1221
    },
    {
        "modul": "alskkas",
        "year": "salemmsm"
    },
    {
        "modul": "nexi",
        "year": "12100"
    },
    {
        "modul": "asas",
        "year": "assa"
    }
]